<!DOCTYPE struts PUBLIC
"-//Apache Software Foundation//DTD Struts Configuration 2.0//EN"
"http://struts.apache.org/dtds/struts-2.0.dtd">

<struts>
    <!-- Configuration for the default package. -->
    <package name="default" extends="struts-default" namespace="/">
        <action name="">
            <result>login.html</result>
        </action>
        <action name="try">
            <result>login.html</result>
        </action>
        <action name="login" class="sample.struts2.login.LoginAction">
            <result name="success">search.jsp</result>
            <result name="fail" type="redirect">invalid.html</result>
        </action>
        <action name="searchLastname" class="sample.struts2.search.SearchLastnameAction">
            <result name="success">search.jsp</result>
        </action>
        <action name="deleteAccount" class="sample.struts2.delete.DeleteAccountAction">
            <result name="success" type="redirectAction">
                <param name="actionName">searchLastname</param>
                <param name="searchValue">${lastSearchValue}</param>
            </result>
            <result name="fail" type="redirect">errorDeletePage.html</result>
        </action>
        <action name="updatePassRole" class="sample.struts2.updatePassRole.UpdatePassRoleAction">
            <result name="success" type="redirectAction">
                <param name="actionName">searchLastname</param>
                <param name="searchValue">${lastSearchValue}</param>
            </result>
            <result name="fail">errorUpdatePage.html</result>
        </action>
        <action name="createAccount" class="sample.struts2.createAccount.CreateAccountAction">
            <exception-mapping exception="SQLException" result="input"/>
            <result name="success" type="redirect">login.html</result>
            <result name="fail" type="redirect">errorUpdatePage.html</result>
            <result name="input">createAccount.jsp</result>
        </action>
    </package>
</struts>
